NSProduto,NSJiga,Etapa,Pt100,DataHora
20002378,19130590,Validacao,Fail,2020-07-30 14:25:31
20003727,19130590,Validacao,Ok,2020-07-30 14:05:14
20001914,19130589,Validacao,Ok,2020-07-30 18:29:58
20006325,19130586,Validacao,Ok,2020-07-30 17:55:29
20003753,19130588,Calibracao,Fail,2020-07-30 19:18:46
20000341,19130589,Validacao,Fail,2020-07-30 07:15:34
20009412,19130586,Calibracao,Ok,2020-07-30 10:11:54
20007316,19130587,Calibracao,Fail,2020-07-30 01:15:39
20008194,19130589,Calibracao,Ok,2020-07-30 03:01:18
20002869,19130588,Calibracao,Ok,2020-07-30 05:24:15
20001058,19130587,Validacao,Fail,2020-07-30 07:06:39
20009271,19130586,Validacao,Ok,2020-07-30 07:36:13
20001138,19130586,Validacao,Ok,2020-07-30 05:11:20
20000796,19130589,Calibracao,Ok,2020-07-30 04:02:55
20002806,19130588,Calibracao,Ok,2020-07-30 06:35:17
20007446,19130588,Calibracao,Fail,2020-07-30 13:48:50
20009905,19130590,Calibracao,Fail,2020-07-30 10:50:26
20001244,19130588,Validacao,Ok,2020-07-30 16:43:50
20009443,19130590,Calibracao,Fail,2020-07-30 04:17:18
20007880,19130590,Calibracao,Fail,2020-07-30 01:15:10
20000083,19130589,Calibracao,Fail,2020-07-30 04:57:30
20003480,19130590,Calibracao,Fail,2020-07-30 14:15:17
20003605,19130587,Calibracao,Ok,2020-07-30 00:57:34
20003766,19130586,Calibracao,Ok,2020-07-30 06:02:03
20008704,19130586,Validacao,Fail,2020-07-30 16:39:49
20005834,19130586,Calibracao,Ok,2020-07-30 21:08:06
20003209,19130590,Calibracao,Fail,2020-07-30 14:11:44
20004464,19130590,Validacao,Ok,2020-07-30 06:19:57
20006097,19130590,Calibracao,Ok,2020-07-30 07:57:15
20002023,19130588,Calibracao,Fail,2020-07-30 03:06:08
20009021,19130586,Validacao,Ok,2020-07-30 18:21:56
20003928,19130586,Calibracao,Ok,2020-07-30 12:16:50
20002332,19130590,Calibracao,Ok,2020-07-30 07:42:36
20002241,19130590,Validacao,Ok,2020-07-30 23:33:38
20007401,19130586,Validacao,Fail,2020-07-30 22:27:14
20004251,19130590,Calibracao,Ok,2020-07-30 02:34:53
20007704,19130587,Validacao,Ok,2020-07-30 05:10:27
20001629,19130586,Calibracao,Fail,2020-07-30 17:39:58
20002784,19130587,Calibracao,Ok,2020-07-30 06:34:11
20002602,19130589,Validacao,Ok,2020-07-30 02:18:42
20003049,19130587,Validacao,Fail,2020-07-30 08:52:44
20009652,19130589,Validacao,Ok,2020-07-30 18:01:38
20004136,19130586,Calibracao,Fail,2020-07-30 04:46:19
20009876,19130586,Calibracao,Fail,2020-07-30 05:37:16
20003400,19130586,Calibracao,Ok,2020-07-30 05:53:00
20000740,19130586,Validacao,Ok,2020-07-30 19:38:16
20007269,19130586,Calibracao,Ok,2020-07-30 08:47:20
20009161,19130587,Calibracao,Fail,2020-07-30 21:50:08
20005280,19130588,Calibracao,Fail,2020-07-30 01:49:52
20003961,19130589,Validacao,Fail,2020-07-30 11:53:44
20008913,19130586,Calibracao,Fail,2020-07-30 04:27:02
20003814,19130588,Validacao,Ok,2020-07-30 03:17:32
20009820,19130590,Validacao,Ok,2020-07-30 20:58:00
20001859,19130590,Validacao,Fail,2020-07-30 19:37:40
20002890,19130588,Validacao,Ok,2020-07-30 11:08:15
20007496,19130586,Calibracao,Fail,2020-07-30 00:03:57
20009673,19130590,Calibracao,Fail,2020-07-30 01:33:53
20009177,19130590,Calibracao,Ok,2020-07-30 15:28:41
20001769,19130589,Calibracao,Ok,2020-07-30 00:59:49
20007472,19130587,Calibracao,Ok,2020-07-30 15:48:19
20003540,19130587,Calibracao,Fail,2020-07-30 04:19:07
20004076,19130589,Validacao,Fail,2020-07-30 21:42:21
20001553,19130590,Calibracao,Fail,2020-07-30 06:40:42
20002909,19130590,Validacao,Ok,2020-07-30 00:12:13
20000396,19130588,Validacao,Ok,2020-07-30 01:02:50
20005206,19130590,Validacao,Fail,2020-07-30 01:54:40
20001813,19130587,Validacao,Fail,2020-07-30 02:41:32
20003969,19130590,Calibracao,Fail,2020-07-30 08:22:22
20003443,19130588,Calibracao,Fail,2020-07-30 08:58:07
20007155,19130588,Validacao,Fail,2020-07-30 06:39:13
20006066,19130589,Validacao,Fail,2020-07-30 22:13:23
20000647,19130588,Calibracao,Ok,2020-07-30 22:07:55
20007320,19130587,Validacao,Fail,2020-07-30 17:36:25
20003962,19130589,Calibracao,Ok,2020-07-30 11:06:58
20004104,19130589,Validacao,Fail,2020-07-30 02:42:29
20003502,19130589,Validacao,Fail,2020-07-30 13:57:13
20003508,19130589,Calibracao,Ok,2020-07-30 09:26:49
20006529,19130586,Calibracao,Ok,2020-07-30 23:42:42
20002276,19130589,Calibracao,Ok,2020-07-30 00:04:52
20004914,19130590,Calibracao,Fail,2020-07-30 12:04:59
20002884,19130589,Calibracao,Fail,2020-07-30 06:01:43
20006140,19130587,Calibracao,Ok,2020-07-30 13:17:36
20005723,19130588,Calibracao,Ok,2020-07-30 05:37:23
20007473,19130590,Validacao,Ok,2020-07-30 18:48:30
20000235,19130587,Calibracao,Fail,2020-07-30 04:13:07
20005594,19130590,Validacao,Fail,2020-07-30 07:32:42
20009563,19130587,Calibracao,Fail,2020-07-30 22:45:50
20001288,19130590,Calibracao,Fail,2020-07-30 03:51:34
20007535,19130586,Validacao,Fail,2020-07-30 11:44:47
20006605,19130587,Calibracao,Ok,2020-07-30 16:15:39
20003179,19130589,Validacao,Fail,2020-07-30 07:07:31
20007828,19130588,Validacao,Ok,2020-07-30 04:08:18
20004016,19130589,Calibracao,Ok,2020-07-30 20:14:42
20003318,19130589,Validacao,Fail,2020-07-30 23:26:57
20007694,19130589,Calibracao,Ok,2020-07-30 04:04:56
20007691,19130586,Calibracao,Fail,2020-07-30 10:12:30
20009150,19130589,Calibracao,Ok,2020-07-30 13:06:08
20007818,19130588,Validacao,Fail,2020-07-30 23:15:44
20005800,19130589,Calibracao,Fail,2020-07-30 10:52:45
20001837,19130590,Validacao,Ok,2020-07-30 13:14:42
20001138,19130586,Validacao,Ok,2020-07-30 12:36:57
20003013,19130586,Validacao,Ok,2020-07-30 15:14:22
20009330,19130589,Calibracao,Fail,2020-07-30 01:49:56
20000723,19130588,Calibracao,Ok,2020-07-30 05:34:42
20003811,19130590,Calibracao,Fail,2020-07-30 11:58:28
20009606,19130589,Validacao,Fail,2020-07-30 17:02:17
20008984,19130590,Validacao,Fail,2020-07-30 05:41:59
20002656,19130589,Validacao,Fail,2020-07-30 13:33:41
20003270,19130590,Calibracao,Fail,2020-07-30 04:45:56
20009645,19130586,Validacao,Ok,2020-07-30 13:38:21
20004117,19130587,Validacao,Fail,2020-07-30 03:04:56
20005158,19130590,Calibracao,Ok,2020-07-30 06:43:28
20001326,19130590,Calibracao,Ok,2020-07-30 16:55:41
20001084,19130589,Validacao,Ok,2020-07-30 05:51:08
20000989,19130586,Calibracao,Fail,2020-07-30 03:08:47
20009644,19130586,Validacao,Ok,2020-07-30 09:19:58
20008104,19130588,Validacao,Fail,2020-07-30 23:45:00
20002983,19130588,Validacao,Ok,2020-07-30 23:24:47
20001648,19130588,Calibracao,Fail,2020-07-30 13:02:32
20005381,19130590,Calibracao,Ok,2020-07-30 17:58:20
20004526,19130589,Validacao,Fail,2020-07-30 09:53:59
20007771,19130586,Validacao,Ok,2020-07-30 14:39:04
20006873,19130588,Validacao,Ok,2020-07-30 21:52:01
20000025,19130588,Validacao,Fail,2020-07-30 02:10:33
20000409,19130588,Calibracao,Fail,2020-07-30 01:44:07
20006271,19130590,Calibracao,Fail,2020-07-30 17:00:34
20003167,19130589,Calibracao,Ok,2020-07-30 16:19:19
20007354,19130586,Calibracao,Ok,2020-07-30 15:38:37
20009006,19130586,Calibracao,Ok,2020-07-30 08:41:12
20005759,19130589,Validacao,Fail,2020-07-30 08:40:31
20002424,19130587,Validacao,Fail,2020-07-30 23:29:17
20004887,19130588,Validacao,Fail,2020-07-30 01:57:32
20000415,19130588,Calibracao,Ok,2020-07-30 12:26:28
20000991,19130587,Validacao,Fail,2020-07-30 01:15:04
20002572,19130590,Validacao,Ok,2020-07-30 20:54:20
20006521,19130590,Validacao,Fail,2020-07-30 06:09:15
20007090,19130588,Calibracao,Ok,2020-07-30 05:29:05
20000946,19130590,Validacao,Fail,2020-07-30 01:20:15
20009832,19130588,Validacao,Ok,2020-07-30 04:41:08
20003087,19130587,Calibracao,Fail,2020-07-30 04:50:14
20005407,19130590,Calibracao,Ok,2020-07-30 04:49:14
20009297,19130589,Validacao,Fail,2020-07-30 18:01:25
20008330,19130587,Validacao,Fail,2020-07-30 00:30:51
20001723,19130589,Calibracao,Fail,2020-07-30 19:00:09
20000431,19130589,Validacao,Fail,2020-07-30 19:54:05
20006881,19130590,Calibracao,Ok,2020-07-30 03:21:09
20006675,19130589,Validacao,Fail,2020-07-30 23:35:43
20006390,19130586,Validacao,Fail,2020-07-30 16:10:43
20002059,19130589,Validacao,Fail,2020-07-30 02:48:50
20008784,19130588,Calibracao,Ok,2020-07-30 06:51:49
20006939,19130590,Validacao,Fail,2020-07-30 06:14:56
20008793,19130588,Calibracao,Fail,2020-07-30 01:48:23
20008299,19130587,Validacao,Fail,2020-07-30 04:18:54
20005031,19130590,Calibracao,Fail,2020-07-30 05:45:12
20008351,19130589,Calibracao,Fail,2020-07-30 19:17:13
20006613,19130586,Calibracao,Fail,2020-07-30 21:50:19
20009135,19130588,Calibracao,Ok,2020-07-30 00:53:11
20008591,19130586,Validacao,Fail,2020-07-30 08:27:23
20005977,19130587,Calibracao,Ok,2020-07-30 11:09:06
20003950,19130586,Validacao,Fail,2020-07-30 09:50:56
20003473,19130588,Calibracao,Ok,2020-07-30 08:23:10
20004741,19130587,Validacao,Fail,2020-07-30 12:44:27
20005870,19130588,Calibracao,Ok,2020-07-30 04:14:19
20003770,19130587,Validacao,Fail,2020-07-30 23:17:41
20005401,19130588,Validacao,Ok,2020-07-30 16:11:56
20009475,19130590,Validacao,Ok,2020-07-30 03:09:25
20007208,19130589,Calibracao,Ok,2020-07-30 08:38:24
20000124,19130587,Validacao,Ok,2020-07-30 23:48:51
20008537,19130586,Validacao,Ok,2020-07-30 02:18:08
20004824,19130587,Validacao,Fail,2020-07-30 04:07:00
20002446,19130589,Calibracao,Ok,2020-07-30 18:03:10
20007951,19130586,Validacao,Fail,2020-07-30 14:04:06
20002343,19130590,Calibracao,Fail,2020-07-30 02:32:01
20006854,19130590,Validacao,Ok,2020-07-30 14:58:28
20005064,19130588,Validacao,Fail,2020-07-30 06:39:04
20004493,19130588,Calibracao,Fail,2020-07-30 20:40:36
20003478,19130587,Calibracao,Ok,2020-07-30 05:55:17
20000124,19130590,Calibracao,Fail,2020-07-30 23:21:24
20008122,19130588,Validacao,Fail,2020-07-30 23:23:08
20002601,19130590,Validacao,Fail,2020-07-30 08:37:28
20006196,19130587,Calibracao,Ok,2020-07-30 19:59:32
20004778,19130588,Calibracao,Ok,2020-07-30 03:23:03
20005648,19130589,Validacao,Fail,2020-07-30 20:56:09
20007379,19130589,Calibracao,Ok,2020-07-30 02:47:35
20009842,19130588,Validacao,Fail,2020-07-30 18:10:11
20004022,19130586,Validacao,Ok,2020-07-30 19:46:03
20002274,19130589,Validacao,Ok,2020-07-30 16:33:31
20000618,19130589,Validacao,Ok,2020-07-30 06:57:23
20005709,19130588,Calibracao,Fail,2020-07-30 05:21:35
20004711,19130590,Calibracao,Ok,2020-07-30 12:15:52
20000349,19130590,Validacao,Fail,2020-07-30 07:17:02
20001419,19130590,Validacao,Ok,2020-07-30 18:09:22
20002537,19130589,Validacao,Ok,2020-07-30 15:11:28
20007351,19130590,Validacao,Ok,2020-07-30 03:19:27
20001363,19130588,Calibracao,Fail,2020-07-30 15:09:41
20000353,19130588,Validacao,Fail,2020-07-30 23:40:40
20009217,19130586,Validacao,Fail,2020-07-30 11:42:17
20000630,19130586,Calibracao,Fail,2020-07-30 19:50:07
20003693,19130587,Calibracao,Fail,2020-07-30 10:23:25
20007785,19130586,Validacao,Fail,2020-07-30 07:37:14
20003141,19130587,Validacao,Fail,2020-07-30 18:24:36
20008732,19130586,Calibracao,Ok,2020-07-30 12:40:33
20005468,19130589,Validacao,Fail,2020-07-30 17:30:27
20003914,19130588,Calibracao,Ok,2020-07-30 14:48:34
20006131,19130589,Calibracao,Fail,2020-07-30 19:57:18
20006203,19130588,Validacao,Fail,2020-07-30 23:12:10
20005120,19130587,Calibracao,Fail,2020-07-30 05:46:05
20004510,19130588,Validacao,Ok,2020-07-30 09:38:23
20007354,19130586,Validacao,Ok,2020-07-30 21:35:54
20001963,19130589,Calibracao,Fail,2020-07-30 03:49:29
20002954,19130587,Calibracao,Ok,2020-07-30 16:18:58
20009395,19130587,Validacao,Ok,2020-07-30 14:05:39
20002874,19130589,Calibracao,Ok,2020-07-30 14:39:04
20004577,19130587,Calibracao,Fail,2020-07-30 17:01:40
20000275,19130588,Calibracao,Ok,2020-07-30 23:49:27
20000314,19130587,Calibracao,Ok,2020-07-30 04:30:13
20001210,19130587,Calibracao,Fail,2020-07-30 10:35:48
20005882,19130586,Calibracao,Ok,2020-07-30 07:42:56
20009115,19130587,Validacao,Ok,2020-07-30 05:37:29
20002517,19130590,Validacao,Fail,2020-07-30 02:05:21
20004579,19130590,Calibracao,Ok,2020-07-30 06:48:45
20001812,19130586,Calibracao,Fail,2020-07-30 11:09:05
20008951,19130587,Validacao,Ok,2020-07-30 21:29:31
20003991,19130590,Validacao,Fail,2020-07-30 01:14:06
20006260,19130586,Validacao,Ok,2020-07-30 01:20:07
20001530,19130588,Calibracao,Ok,2020-07-30 16:05:40
20001537,19130588,Validacao,Fail,2020-07-30 16:25:50
20000004,19130586,Calibracao,Ok,2020-07-30 18:44:49
20001958,19130589,Calibracao,Ok,2020-07-30 17:59:14
20005693,19130587,Calibracao,Ok,2020-07-30 16:47:33
20004552,19130586,Calibracao,Ok,2020-07-30 05:04:25
20006609,19130587,Validacao,Ok,2020-07-30 14:45:40
20004029,19130586,Calibracao,Ok,2020-07-30 14:53:17
20003572,19130589,Validacao,Fail,2020-07-30 17:20:47
20005953,19130586,Validacao,Ok,2020-07-30 18:55:18
20008874,19130588,Calibracao,Fail,2020-07-30 02:51:45
20004549,19130589,Validacao,Fail,2020-07-30 04:29:27
20002627,19130587,Calibracao,Fail,2020-07-30 13:52:00
20000733,19130589,Validacao,Ok,2020-07-30 07:51:29
20007124,19130588,Calibracao,Ok,2020-07-30 09:28:06
20003699,19130589,Calibracao,Ok,2020-07-30 08:33:55
20005967,19130588,Calibracao,Fail,2020-07-30 12:35:51
20001269,19130588,Validacao,Ok,2020-07-30 00:42:00
20009348,19130590,Validacao,Ok,2020-07-30 04:02:02
20004200,19130588,Calibracao,Ok,2020-07-30 23:59:44
20009549,19130586,Validacao,Ok,2020-07-30 11:06:55
20003468,19130589,Validacao,Fail,2020-07-30 00:46:58
20009121,19130587,Validacao,Fail,2020-07-30 03:11:47
20005262,19130586,Validacao,Fail,2020-07-30 22:51:59
20009630,19130590,Calibracao,Fail,2020-07-30 13:22:43
20004967,19130588,Validacao,Fail,2020-07-30 15:13:52
20004126,19130587,Validacao,Fail,2020-07-30 15:01:46
20006552,19130588,Validacao,Ok,2020-07-30 07:04:42
20008701,19130589,Validacao,Ok,2020-07-30 12:26:15
20000084,19130590,Validacao,Ok,2020-07-30 01:52:30
20005915,19130589,Calibracao,Fail,2020-07-30 02:37:37
20000621,19130589,Calibracao,Fail,2020-07-30 12:38:51
20004703,19130589,Validacao,Ok,2020-07-30 15:25:11
20006513,19130588,Calibracao,Fail,2020-07-30 06:38:44
20007207,19130590,Validacao,Ok,2020-07-30 20:34:59
20004221,19130586,Calibracao,Ok,2020-07-30 01:41:41
20001754,19130588,Validacao,Fail,2020-07-30 03:02:05
20009748,19130586,Validacao,Fail,2020-07-30 11:31:48
20008978,19130590,Calibracao,Ok,2020-07-30 17:15:13
20004013,19130586,Validacao,Ok,2020-07-30 09:22:57
20009379,19130589,Calibracao,Fail,2020-07-30 06:07:48
20005809,19130589,Validacao,Fail,2020-07-30 11:23:42
20002236,19130587,Calibracao,Fail,2020-07-30 08:46:06
20001846,19130587,Calibracao,Ok,2020-07-30 04:45:29
20005683,19130589,Calibracao,Fail,2020-07-30 02:18:18
20003828,19130590,Validacao,Fail,2020-07-30 19:04:45
20000835,19130586,Validacao,Ok,2020-07-30 01:56:02
20001797,19130589,Calibracao,Fail,2020-07-30 15:34:40
20007112,19130590,Validacao,Fail,2020-07-30 21:47:23
20003873,19130590,Validacao,Ok,2020-07-30 02:13:00
20002326,19130588,Calibracao,Ok,2020-07-30 04:10:29
20006582,19130589,Validacao,Fail,2020-07-30 14:03:46
20001658,19130590,Calibracao,Ok,2020-07-30 06:04:35
20005682,19130588,Validacao,Fail,2020-07-30 09:25:00
20006303,19130586,Calibracao,Ok,2020-07-30 02:05:05
20004017,19130590,Calibracao,Ok,2020-07-30 20:10:38
20008629,19130586,Calibracao,Ok,2020-07-30 00:29:07
20002227,19130589,Validacao,Fail,2020-07-30 18:13:55
20004129,19130590,Calibracao,Ok,2020-07-30 22:02:23
20007394,19130586,Calibracao,Fail,2020-07-30 13:37:13
20009385,19130587,Calibracao,Fail,2020-07-30 08:51:41
20009601,19130589,Validacao,Fail,2020-07-30 05:28:46
20000802,19130589,Calibracao,Ok,2020-07-30 06:29:01
20004508,19130588,Calibracao,Ok,2020-07-30 19:24:22
20007560,19130589,Calibracao,Fail,2020-07-30 15:42:04
20008753,19130590,Calibracao,Ok,2020-07-30 04:48:19
20003076,19130587,Calibracao,Fail,2020-07-30 16:01:22
20008725,19130590,Validacao,Fail,2020-07-30 03:02:54
20003477,19130590,Validacao,Ok,2020-07-30 05:23:59
20007728,19130589,Calibracao,Fail,2020-07-30 04:41:33
20007549,19130590,Validacao,Fail,2020-07-30 23:58:40
20008642,19130588,Validacao,Fail,2020-07-30 02:02:54
20008747,19130587,Calibracao,Ok,2020-07-30 04:34:28
20006651,19130588,Calibracao,Fail,2020-07-30 16:38:04
20000706,19130590,Calibracao,Fail,2020-07-30 03:06:07
20003847,19130589,Validacao,Ok,2020-07-30 14:47:12
20000132,19130588,Validacao,Ok,2020-07-30 10:12:36
20003738,19130589,Validacao,Ok,2020-07-30 10:27:24
20004425,19130587,Calibracao,Ok,2020-07-30 06:21:13
20000043,19130589,Calibracao,Fail,2020-07-30 02:13:10
20002638,19130590,Validacao,Fail,2020-07-30 03:55:11
20001157,19130588,Calibracao,Ok,2020-07-30 08:19:34
20002811,19130587,Validacao,Fail,2020-07-30 06:47:59
20009669,19130587,Calibracao,Ok,2020-07-30 03:27:48
20008330,19130587,Validacao,Ok,2020-07-30 10:24:12
20005629,19130590,Validacao,Fail,2020-07-30 15:52:07
20002892,19130589,Validacao,Ok,2020-07-30 08:10:12
20007964,19130588,Validacao,Fail,2020-07-30 16:11:29
20001369,19130590,Calibracao,Ok,2020-07-30 15:59:47
20001131,19130588,Calibracao,Ok,2020-07-30 07:17:30
20005051,19130586,Validacao,Fail,2020-07-30 19:33:18
20009169,19130590,Validacao,Ok,2020-07-30 13:24:34
20003969,19130588,Validacao,Ok,2020-07-30 18:05:24
20006795,19130590,Validacao,Ok,2020-07-30 14:21:39
20004500,19130587,Validacao,Fail,2020-07-30 15:18:50
20000864,19130587,Validacao,Ok,2020-07-30 03:03:39
20005492,19130586,Validacao,Fail,2020-07-30 06:52:23
20008340,19130590,Validacao,Fail,2020-07-30 12:01:48
20007565,19130590,Calibracao,Ok,2020-07-30 03:15:45
20004193,19130588,Validacao,Ok,2020-07-30 03:51:06
20008709,19130589,Validacao,Fail,2020-07-30 11:45:10
20005112,19130589,Calibracao,Fail,2020-07-30 08:51:44
20000570,19130589,Validacao,Ok,2020-07-30 22:03:37
20009913,19130589,Calibracao,Ok,2020-07-30 21:33:52
20007279,19130586,Validacao,Fail,2020-07-30 09:50:08
20005319,19130590,Calibracao,Ok,2020-07-30 09:44:16
20002013,19130588,Calibracao,Fail,2020-07-30 20:52:47
20008364,19130587,Calibracao,Ok,2020-07-30 22:26:57
20008878,19130587,Calibracao,Ok,2020-07-30 11:12:42
20001348,19130586,Calibracao,Fail,2020-07-30 03:42:43
20009374,19130588,Calibracao,Ok,2020-07-30 01:08:13
20007053,19130588,Validacao,Fail,2020-07-30 20:41:52
20000386,19130588,Calibracao,Fail,2020-07-30 16:46:43
20003358,19130590,Validacao,Ok,2020-07-30 00:58:40
20000332,19130586,Validacao,Ok,2020-07-30 11:06:49
20004260,19130588,Validacao,Ok,2020-07-30 17:01:04
20008561,19130589,Calibracao,Ok,2020-07-30 00:27:34
20004622,19130586,Validacao,Ok,2020-07-30 19:26:06
20008742,19130590,Validacao,Fail,2020-07-30 17:41:30
20009783,19130590,Validacao,Ok,2020-07-30 06:44:49
20005359,19130588,Calibracao,Ok,2020-07-30 18:51:22
20009823,19130590,Validacao,Fail,2020-07-30 11:08:49
20007719,19130586,Validacao,Fail,2020-07-30 12:12:13
20005911,19130589,Calibracao,Ok,2020-07-30 11:27:50
20002340,19130587,Calibracao,Fail,2020-07-30 06:58:29
20003119,19130587,Validacao,Ok,2020-07-30 02:20:22
20008356,19130589,Validacao,Fail,2020-07-30 01:28:14
20000473,19130587,Validacao,Ok,2020-07-30 16:09:08
20002408,19130588,Validacao,Fail,2020-07-30 08:17:11
20007683,19130586,Validacao,Fail,2020-07-30 17:13:50
20004981,19130586,Calibracao,Fail,2020-07-30 07:38:52
20002435,19130588,Calibracao,Fail,2020-07-30 20:57:56
20003398,19130589,Calibracao,Fail,2020-07-30 03:02:18
20003100,19130586,Validacao,Ok,2020-07-30 10:20:24
20008031,19130590,Calibracao,Fail,2020-07-30 11:37:35
20005216,19130589,Validacao,Ok,2020-07-30 06:35:53
20005337,19130586,Calibracao,Fail,2020-07-30 06:44:18
20006989,19130586,Calibracao,Fail,2020-07-30 21:21:14
20007533,19130587,Validacao,Ok,2020-07-30 12:11:25
20003462,19130588,Calibracao,Fail,2020-07-30 02:45:10
20004562,19130588,Calibracao,Ok,2020-07-30 16:04:14
20000629,19130586,Calibracao,Fail,2020-07-30 12:52:07
20008166,19130586,Validacao,Fail,2020-07-30 20:08:29
20001174,19130590,Validacao,Ok,2020-07-30 23:35:02
20009885,19130587,Validacao,Ok,2020-07-30 05:45:28
20005612,19130586,Calibracao,Fail,2020-07-30 17:54:30
20009364,19130588,Validacao,Fail,2020-07-30 14:15:33
20006244,19130589,Calibracao,Fail,2020-07-30 00:59:11
20005312,19130588,Calibracao,Fail,2020-07-30 12:03:30
20006923,19130590,Calibracao,Fail,2020-07-30 18:05:40
20005558,19130586,Calibracao,Ok,2020-07-30 14:55:20
20009579,19130590,Validacao,Ok,2020-07-30 01:44:40
20002498,19130590,Validacao,Fail,2020-07-30 00:32:36
20004987,19130589,Validacao,Ok,2020-07-30 02:58:00
20006298,19130588,Validacao,Ok,2020-07-30 10:21:50
20004033,19130588,Calibracao,Ok,2020-07-30 23:38:17
20009420,19130589,Validacao,Fail,2020-07-30 20:23:19
20003245,19130588,Validacao,Fail,2020-07-30 00:30:30
20003557,19130590,Validacao,Ok,2020-07-30 13:57:49
20009772,19130589,Calibracao,Fail,2020-07-30 02:57:03
20001388,19130588,Calibracao,Ok,2020-07-30 19:55:08
20002411,19130586,Calibracao,Fail,2020-07-30 09:50:57
20009452,19130590,Calibracao,Fail,2020-07-30 19:56:47
20002459,19130586,Validacao,Fail,2020-07-30 00:37:03
20004006,19130587,Calibracao,Ok,2020-07-30 07:34:43
20008825,19130587,Calibracao,Fail,2020-07-30 22:11:03
20009386,19130589,Validacao,Fail,2020-07-30 17:20:39
20005955,19130590,Validacao,Fail,2020-07-30 19:19:27
20003493,19130587,Validacao,Ok,2020-07-30 05:54:38
20003915,19130587,Calibracao,Ok,2020-07-30 06:48:55
20009436,19130590,Validacao,Ok,2020-07-30 11:50:02
20007756,19130587,Calibracao,Fail,2020-07-30 09:52:04
20002436,19130587,Calibracao,Fail,2020-07-30 12:25:14
20004203,19130589,Validacao,Fail,2020-07-30 15:06:43
20001713,19130586,Calibracao,Fail,2020-07-30 16:23:21
20003310,19130587,Calibracao,Fail,2020-07-30 05:27:39
20000184,19130587,Calibracao,Fail,2020-07-30 08:11:19
20008585,19130590,Calibracao,Fail,2020-07-30 06:01:19
20001765,19130587,Calibracao,Fail,2020-07-30 03:27:10
20005340,19130589,Calibracao,Ok,2020-07-30 15:36:31
20004884,19130587,Validacao,Fail,2020-07-30 10:00:55
20008338,19130590,Calibracao,Fail,2020-07-30 19:52:29
20002247,19130586,Calibracao,Ok,2020-07-30 06:11:26
20006433,19130587,Calibracao,Ok,2020-07-30 19:59:07
20008312,19130589,Validacao,Fail,2020-07-30 06:10:47
20006132,19130588,Validacao,Ok,2020-07-30 02:24:51
20005783,19130589,Validacao,Ok,2020-07-30 22:23:41
20001892,19130586,Validacao,Ok,2020-07-30 15:56:46
20009974,19130587,Calibracao,Fail,2020-07-30 18:52:15
20005876,19130586,Calibracao,Ok,2020-07-30 17:02:28
20008449,19130587,Validacao,Fail,2020-07-30 21:21:12
20005073,19130587,Calibracao,Fail,2020-07-30 01:19:49
20003109,19130590,Validacao,Ok,2020-07-30 15:16:34
20009503,19130588,Calibracao,Fail,2020-07-30 04:19:57
20008870,19130586,Calibracao,Fail,2020-07-30 08:41:46
20009982,19130590,Calibracao,Fail,2020-07-30 20:21:57
20006442,19130590,Calibracao,Ok,2020-07-30 06:27:49
20002975,19130589,Calibracao,Fail,2020-07-30 19:25:08
20009528,19130586,Calibracao,Ok,2020-07-30 15:39:54
20000737,19130590,Calibracao,Ok,2020-07-30 04:41:30
20002488,19130586,Validacao,Fail,2020-07-30 22:18:01
20006713,19130587,Validacao,Ok,2020-07-30 10:55:33
20002749,19130589,Calibracao,Fail,2020-07-30 08:52:52
20006021,19130589,Validacao,Fail,2020-07-30 19:07:25
20004209,19130586,Validacao,Ok,2020-07-30 16:10:20
20004453,19130587,Validacao,Ok,2020-07-30 21:54:00
20007357,19130590,Calibracao,Ok,2020-07-30 18:33:24
20004213,19130590,Validacao,Ok,2020-07-30 03:27:03
20007139,19130586,Validacao,Fail,2020-07-30 13:23:50
20001483,19130586,Calibracao,Fail,2020-07-30 03:37:04
20006090,19130587,Validacao,Fail,2020-07-30 13:40:58
20009768,19130587,Validacao,Fail,2020-07-30 09:39:33
20000649,19130588,Calibracao,Fail,2020-07-30 22:59:50
20002099,19130590,Calibracao,Fail,2020-07-30 15:32:07
20006450,19130590,Validacao,Ok,2020-07-30 09:49:54
20007988,19130586,Validacao,Ok,2020-07-30 16:33:54
20009455,19130586,Calibracao,Ok,2020-07-30 01:56:05
20007852,19130589,Calibracao,Ok,2020-07-30 12:28:55
20004102,19130588,Calibracao,Ok,2020-07-30 10:07:29
20001184,19130587,Validacao,Ok,2020-07-30 16:21:33
20000748,19130589,Validacao,Fail,2020-07-30 09:27:47
20000719,19130589,Validacao,Fail,2020-07-30 01:54:47
20002883,19130590,Calibracao,Fail,2020-07-30 08:17:10
20008107,19130587,Validacao,Fail,2020-07-30 14:05:36
20005697,19130589,Validacao,Ok,2020-07-30 08:38:32
20004030,19130586,Calibracao,Fail,2020-07-30 10:20:06
20009086,19130588,Validacao,Ok,2020-07-30 21:36:16
20000330,19130588,Validacao,Fail,2020-07-30 01:02:29
20009175,19130587,Validacao,Ok,2020-07-30 23:13:40
20009954,19130588,Calibracao,Ok,2020-07-30 13:45:30
20004195,19130587,Calibracao,Ok,2020-07-30 20:43:38
20002809,19130587,Calibracao,Ok,2020-07-30 08:41:38
20006596,19130589,Validacao,Ok,2020-07-30 01:28:16
20007719,19130588,Calibracao,Fail,2020-07-30 17:26:17
20000205,19130590,Validacao,Ok,2020-07-30 19:37:29
20007900,19130587,Validacao,Ok,2020-07-30 16:09:42
20002766,19130588,Calibracao,Ok,2020-07-30 13:12:00
20000109,19130587,Calibracao,Fail,2020-07-30 18:57:46
20002718,19130588,Calibracao,Ok,2020-07-30 13:14:02
20006393,19130587,Validacao,Fail,2020-07-30 23:41:25
20009365,19130589,Validacao,Ok,2020-07-30 19:18:55
20001866,19130586,Calibracao,Ok,2020-07-30 23:14:37
20001346,19130587,Calibracao,Ok,2020-07-30 05:49:20
20008261,19130589,Calibracao,Fail,2020-07-30 02:29:53
20003674,19130588,Validacao,Fail,2020-07-30 00:58:36
20000009,19130586,Calibracao,Fail,2020-07-30 15:25:03
20003591,19130586,Calibracao,Ok,2020-07-30 21:48:53
20007726,19130586,Calibracao,Fail,2020-07-30 03:13:06
20003286,19130589,Calibracao,Ok,2020-07-30 07:58:50
20004087,19130587,Calibracao,Fail,2020-07-30 16:33:22
20005635,19130587,Validacao,Fail,2020-07-30 18:33:47
20001905,19130588,Validacao,Fail,2020-07-30 00:09:00
20008140,19130588,Calibracao,Fail,2020-07-30 05:08:32
20003294,19130586,Calibracao,Fail,2020-07-30 07:22:24
20003030,19130588,Validacao,Ok,2020-07-30 14:44:14
20002697,19130589,Calibracao,Ok,2020-07-30 07:34:46
20006762,19130587,Validacao,Ok,2020-07-30 17:44:35
20000390,19130587,Validacao,Fail,2020-07-30 01:24:48
20007801,19130586,Validacao,Ok,2020-07-30 00:13:47
20009579,19130587,Validacao,Fail,2020-07-30 22:38:39
20004620,19130588,Calibracao,Ok,2020-07-30 20:17:36
20005877,19130587,Calibracao,Fail,2020-07-30 22:36:18
20003095,19130586,Validacao,Fail,2020-07-30 10:36:36
20005891,19130590,Calibracao,Ok,2020-07-30 06:24:14
20009479,19130586,Validacao,Fail,2020-07-30 16:46:03
20006532,19130590,Validacao,Fail,2020-07-30 09:41:32
20005097,19130590,Calibracao,Fail,2020-07-30 15:17:00
20009780,19130586,Calibracao,Ok,2020-07-30 03:34:38
20003967,19130586,Validacao,Ok,2020-07-30 09:35:47
20009407,19130586,Validacao,Ok,2020-07-30 11:23:50
20001478,19130590,Validacao,Ok,2020-07-30 22:38:47
20002580,19130586,Calibracao,Fail,2020-07-30 14:30:28
20001087,19130587,Validacao,Ok,2020-07-30 13:41:49
20001065,19130589,Calibracao,Fail,2020-07-30 17:23:57
20001258,19130589,Calibracao,Ok,2020-07-30 05:42:44
20005562,19130586,Calibracao,Ok,2020-07-30 12:44:24
20009587,19130589,Validacao,Ok,2020-07-30 10:14:29
20003085,19130589,Validacao,Fail,2020-07-30 09:58:30
20002007,19130586,Validacao,Ok,2020-07-30 07:57:37
20001578,19130589,Validacao,Fail,2020-07-30 03:56:50
20005423,19130588,Calibracao,Fail,2020-07-30 19:52:14
20003391,19130587,Validacao,Fail,2020-07-30 11:26:23
20008665,19130587,Calibracao,Fail,2020-07-30 06:23:30
20005308,19130587,Calibracao,Fail,2020-07-30 21:27:33
20003893,19130587,Calibracao,Fail,2020-07-30 16:26:56
20002073,19130586,Validacao,Fail,2020-07-30 08:35:09
20009190,19130590,Calibracao,Ok,2020-07-30 18:45:18
20007654,19130587,Validacao,Ok,2020-07-30 12:17:00
20002439,19130587,Validacao,Ok,2020-07-30 06:19:05
20004329,19130590,Calibracao,Fail,2020-07-30 14:13:15
20003776,19130590,Calibracao,Ok,2020-07-30 17:29:02
20001577,19130588,Calibracao,Fail,2020-07-30 23:55:17
20006438,19130590,Calibracao,Ok,2020-07-30 02:09:56
20000773,19130586,Validacao,Fail,2020-07-30 15:24:08
20003877,19130590,Validacao,Ok,2020-07-30 06:43:31
20000477,19130589,Validacao,Fail,2020-07-30 23:23:21
20008825,19130587,Calibracao,Ok,2020-07-30 10:41:01
20005021,19130587,Calibracao,Ok,2020-07-30 14:52:37
20002960,19130590,Calibracao,Fail,2020-07-30 19:28:02
20007164,19130589,Validacao,Fail,2020-07-30 03:49:51
20006863,19130587,Validacao,Fail,2020-07-30 01:06:43
20003158,19130588,Calibracao,Ok,2020-07-30 20:51:04
20009028,19130590,Calibracao,Fail,2020-07-30 18:07:11
20007466,19130586,Calibracao,Ok,2020-07-30 10:21:44
20005780,19130589,Calibracao,Fail,2020-07-30 04:57:33
20004791,19130587,Calibracao,Ok,2020-07-30 14:12:04
20008600,19130588,Calibracao,Fail,2020-07-30 05:55:06
20007423,19130590,Validacao,Ok,2020-07-30 17:00:26
20004032,19130590,Validacao,Fail,2020-07-30 14:53:25
20008660,19130588,Calibracao,Fail,2020-07-30 15:57:48
20003740,19130590,Calibracao,Ok,2020-07-30 10:42:10
20008037,19130586,Calibracao,Fail,2020-07-30 04:31:26
20006787,19130589,Calibracao,Ok,2020-07-30 03:43:25
20007655,19130590,Validacao,Fail,2020-07-30 06:31:43
20002508,19130586,Validacao,Fail,2020-07-30 11:25:53
20003630,19130588,Validacao,Ok,2020-07-30 06:53:15
20005350,19130588,Validacao,Ok,2020-07-30 14:42:54
20008053,19130589,Calibracao,Ok,2020-07-30 06:51:41
20007324,19130590,Calibracao,Ok,2020-07-30 09:11:23
20004254,19130587,Validacao,Fail,2020-07-30 09:25:15
20004985,19130587,Validacao,Fail,2020-07-30 04:40:27
20008585,19130586,Validacao,Ok,2020-07-30 19:58:49
20002686,19130586,Calibracao,Ok,2020-07-30 18:17:21
20007531,19130589,Validacao,Fail,2020-07-30 23:09:46
20006516,19130586,Validacao,Ok,2020-07-30 12:12:16
20009985,19130587,Calibracao,Fail,2020-07-30 23:18:08
20004995,19130588,Calibracao,Fail,2020-07-30 03:28:13
20006568,19130588,Calibracao,Fail,2020-07-30 03:25:28
20004495,19130587,Validacao,Fail,2020-07-30 03:32:46
20007096,19130590,Validacao,Ok,2020-07-30 18:58:12
20002669,19130590,Validacao,Fail,2020-07-30 06:07:39
20005365,19130586,Validacao,Ok,2020-07-30 17:36:00
20009173,19130590,Calibracao,Fail,2020-07-30 16:09:14
20002780,19130586,Calibracao,Fail,2020-07-30 13:41:40
20003258,19130586,Validacao,Ok,2020-07-30 19:37:14
20002153,19130590,Validacao,Ok,2020-07-30 23:24:39
20007459,19130588,Validacao,Fail,2020-07-30 14:28:15
20000237,19130590,Validacao,Ok,2020-07-30 12:24:40
20007312,19130589,Validacao,Ok,2020-07-30 10:15:49
20000335,19130589,Calibracao,Fail,2020-07-30 23:38:27
20006384,19130587,Calibracao,Ok,2020-07-30 22:01:53
20004289,19130587,Validacao,Fail,2020-07-30 02:55:13
20008179,19130589,Validacao,Fail,2020-07-30 17:43:45
20009440,19130589,Validacao,Ok,2020-07-30 17:16:37
20001936,19130586,Validacao,Ok,2020-07-30 16:58:03
20009294,19130587,Calibracao,Fail,2020-07-30 21:36:09
20008390,19130587,Validacao,Ok,2020-07-30 16:51:17
20006532,19130587,Validacao,Fail,2020-07-30 10:55:58
20008210,19130590,Calibracao,Ok,2020-07-30 20:44:21
20001678,19130590,Validacao,Fail,2020-07-30 08:37:58
20007065,19130588,Calibracao,Fail,2020-07-30 09:39:06
20005272,19130586,Calibracao,Ok,2020-07-30 21:25:28
20001418,19130590,Calibracao,Ok,2020-07-30 18:15:01
20007214,19130586,Calibracao,Fail,2020-07-30 14:30:39
20002667,19130589,Validacao,Fail,2020-07-30 08:15:29
20009876,19130589,Calibracao,Ok,2020-07-30 06:59:04
20006842,19130589,Calibracao,Ok,2020-07-30 22:33:28
20008768,19130588,Calibracao,Fail,2020-07-30 07:39:10
20008218,19130588,Validacao,Fail,2020-07-30 19:09:28
20007833,19130588,Calibracao,Ok,2020-07-30 12:01:28
20009500,19130589,Calibracao,Ok,2020-07-30 19:00:16
20008433,19130587,Calibracao,Ok,2020-07-30 17:34:53
20008125,19130590,Calibracao,Fail,2020-07-30 21:37:53
20005072,19130589,Calibracao,Fail,2020-07-30 18:17:01
20000018,19130590,Validacao,Fail,2020-07-30 03:45:18
20007196,19130587,Calibracao,Ok,2020-07-30 03:11:02
20007357,19130587,Calibracao,Fail,2020-07-30 20:51:04
20002187,19130590,Calibracao,Fail,2020-07-30 18:00:43
20006886,19130589,Validacao,Ok,2020-07-30 05:11:12
20001571,19130587,Validacao,Ok,2020-07-30 22:59:06
20003607,19130588,Calibracao,Ok,2020-07-30 22:57:53
20002686,19130588,Calibracao,Fail,2020-07-30 03:55:00
20003516,19130587,Validacao,Ok,2020-07-30 00:13:31
20002772,19130586,Validacao,Fail,2020-07-30 03:18:18
20000655,19130590,Calibracao,Fail,2020-07-30 12:41:07
20005382,19130588,Calibracao,Fail,2020-07-30 14:28:51
20005428,19130589,Calibracao,Ok,2020-07-30 16:21:53
20001073,19130589,Calibracao,Fail,2020-07-30 22:46:52
20002388,19130588,Calibracao,Ok,2020-07-30 15:08:13
20003243,19130588,Validacao,Fail,2020-07-30 23:52:46
20001009,19130586,Calibracao,Ok,2020-07-30 03:04:54
20004240,19130588,Validacao,Ok,2020-07-30 01:19:14
20000881,19130589,Calibracao,Fail,2020-07-30 20:15:12
20005313,19130589,Validacao,Fail,2020-07-30 17:26:29
20007443,19130586,Validacao,Ok,2020-07-30 00:46:41
20002358,19130586,Validacao,Ok,2020-07-30 08:29:48
20000630,19130586,Validacao,Ok,2020-07-30 14:55:14
20007313,19130589,Calibracao,Ok,2020-07-30 01:49:42
20000146,19130589,Validacao,Ok,2020-07-30 13:27:25
20000985,19130587,Calibracao,Fail,2020-07-30 01:40:11
20002590,19130589,Validacao,Fail,2020-07-30 20:52:43
20003097,19130590,Calibracao,Ok,2020-07-30 00:47:11
20001925,19130590,Validacao,Ok,2020-07-30 01:30:13
20000596,19130589,Calibracao,Ok,2020-07-30 17:39:56
20003790,19130586,Validacao,Ok,2020-07-30 01:23:47
20007859,19130590,Validacao,Ok,2020-07-30 20:03:25
20008922,19130589,Validacao,Ok,2020-07-30 17:45:26
20001395,19130590,Validacao,Fail,2020-07-30 07:29:46
20005627,19130586,Calibracao,Fail,2020-07-30 10:39:22
20008266,19130590,Validacao,Fail,2020-07-30 23:34:32
20008123,19130586,Validacao,Ok,2020-07-30 11:48:05
20009029,19130590,Calibracao,Ok,2020-07-30 07:04:35
20009371,19130588,Validacao,Ok,2020-07-30 20:26:07
20003584,19130588,Calibracao,Fail,2020-07-30 23:12:26
20005158,19130588,Calibracao,Fail,2020-07-30 21:46:07
20006125,19130590,Validacao,Fail,2020-07-30 18:48:59
20006900,19130588,Calibracao,Ok,2020-07-30 03:13:57
20007592,19130589,Validacao,Ok,2020-07-30 21:58:27
20002780,19130589,Validacao,Fail,2020-07-30 03:23:15
20007330,19130588,Calibracao,Fail,2020-07-30 05:28:17
20001620,19130587,Calibracao,Fail,2020-07-30 07:18:15
20009363,19130586,Validacao,Fail,2020-07-30 07:16:56
20001639,19130586,Validacao,Ok,2020-07-30 09:06:40
20005646,19130589,Validacao,Fail,2020-07-30 20:41:27
20000418,19130587,Calibracao,Ok,2020-07-30 08:38:51
20005112,19130587,Validacao,Ok,2020-07-30 15:43:57
20009589,19130590,Validacao,Fail,2020-07-30 20:04:42
20007482,19130590,Validacao,Ok,2020-07-30 19:13:33
20000295,19130588,Calibracao,Ok,2020-07-30 13:36:49
20008185,19130586,Validacao,Ok,2020-07-30 10:04:04
20004570,19130589,Validacao,Ok,2020-07-30 08:42:03
20005315,19130590,Validacao,Fail,2020-07-30 01:36:33
20009876,19130590,Calibracao,Ok,2020-07-30 16:41:26
20009568,19130588,Validacao,Fail,2020-07-30 13:43:15
20007575,19130587,Validacao,Ok,2020-07-30 11:53:05
20004003,19130586,Calibracao,Fail,2020-07-30 04:39:46
20007899,19130589,Validacao,Fail,2020-07-30 16:55:40
20004567,19130588,Calibracao,Fail,2020-07-30 06:07:49
20008527,19130589,Validacao,Fail,2020-07-30 03:32:42
20008869,19130586,Validacao,Ok,2020-07-30 10:56:58
20009551,19130590,Calibracao,Ok,2020-07-30 23:42:10
20001282,19130587,Calibracao,Fail,2020-07-30 16:40:20
20002365,19130588,Validacao,Ok,2020-07-30 09:48:51
20009313,19130587,Validacao,Ok,2020-07-30 09:12:12
20006662,19130588,Validacao,Fail,2020-07-30 16:57:31
20001042,19130588,Validacao,Fail,2020-07-30 19:42:28
20004031,19130587,Calibracao,Ok,2020-07-30 13:03:00
20003820,19130587,Validacao,Ok,2020-07-30 19:19:06
20009028,19130589,Calibracao,Ok,2020-07-30 12:57:18
20004995,19130589,Validacao,Ok,2020-07-30 20:07:21
20003214,19130588,Validacao,Fail,2020-07-30 07:19:01
20009641,19130590,Validacao,Fail,2020-07-30 03:33:20
20004054,19130589,Validacao,Ok,2020-07-30 11:39:31
20002086,19130587,Calibracao,Ok,2020-07-30 06:19:17
20001632,19130587,Validacao,Ok,2020-07-30 11:17:28
20006432,19130586,Calibracao,Fail,2020-07-30 10:53:24
20002996,19130587,Validacao,Fail,2020-07-30 10:34:50
20002403,19130590,Validacao,Fail,2020-07-30 07:47:09
20009888,19130590,Calibracao,Ok,2020-07-30 18:34:50
20004591,19130587,Calibracao,Fail,2020-07-30 10:17:30
20006467,19130587,Calibracao,Fail,2020-07-30 17:11:24
20008768,19130590,Calibracao,Fail,2020-07-30 12:03:23
20000227,19130589,Validacao,Ok,2020-07-30 01:29:39
20002752,19130590,Calibracao,Ok,2020-07-30 11:20:10
20000283,19130590,Validacao,Ok,2020-07-30 12:13:15
20002298,19130586,Calibracao,Ok,2020-07-30 19:15:32
20005737,19130588,Calibracao,Ok,2020-07-30 14:14:14
20008812,19130590,Validacao,Ok,2020-07-30 18:01:55
20008441,19130587,Validacao,Fail,2020-07-30 12:47:49
20004727,19130587,Calibracao,Fail,2020-07-30 09:27:53
20001749,19130588,Validacao,Ok,2020-07-30 20:19:24
20007553,19130590,Validacao,Ok,2020-07-30 06:05:58
20001108,19130590,Validacao,Ok,2020-07-30 21:17:11
20004819,19130589,Calibracao,Fail,2020-07-30 11:09:04
20009544,19130588,Calibracao,Ok,2020-07-30 21:38:19
20003805,19130587,Validacao,Ok,2020-07-30 14:39:09
20001848,19130590,Calibracao,Fail,2020-07-30 18:35:55
20002422,19130586,Validacao,Fail,2020-07-30 02:23:31
20005891,19130586,Calibracao,Fail,2020-07-30 22:40:12
20007330,19130590,Validacao,Fail,2020-07-30 09:24:23
20007274,19130590,Validacao,Fail,2020-07-30 18:34:35
20008703,19130587,Validacao,Fail,2020-07-30 22:05:46
20004284,19130590,Calibracao,Fail,2020-07-30 05:22:49
20006728,19130587,Validacao,Fail,2020-07-30 12:13:44
20007323,19130589,Validacao,Fail,2020-07-30 19:15:15
20000176,19130587,Validacao,Ok,2020-07-30 10:11:04
20003105,19130587,Calibracao,Fail,2020-07-30 23:16:41
20009044,19130586,Validacao,Ok,2020-07-30 19:03:52
20008388,19130588,Validacao,Fail,2020-07-30 16:43:51
20006949,19130589,Validacao,Fail,2020-07-30 19:45:40
20003204,19130590,Validacao,Fail,2020-07-30 01:39:06
20002148,19130588,Calibracao,Fail,2020-07-30 15:00:08
20005455,19130588,Validacao,Ok,2020-07-30 23:37:48
20002076,19130587,Validacao,Ok,2020-07-30 00:33:27
20001497,19130590,Calibracao,Fail,2020-07-30 15:47:21
20003365,19130589,Calibracao,Ok,2020-07-30 01:08:42
20004722,19130586,Calibracao,Fail,2020-07-30 13:15:59
20001301,19130587,Calibracao,Fail,2020-07-30 20:49:01
20006666,19130587,Calibracao,Fail,2020-07-30 20:26:12
20009946,19130589,Validacao,Fail,2020-07-30 08:33:36
20002979,19130588,Calibracao,Ok,2020-07-30 13:01:06
20007583,19130590,Validacao,Ok,2020-07-30 21:11:15
20000697,19130590,Calibracao,Fail,2020-07-30 04:28:01
20007839,19130589,Validacao,Fail,2020-07-30 05:22:18
20004867,19130588,Calibracao,Fail,2020-07-30 16:10:33
20001856,19130586,Validacao,Fail,2020-07-30 09:01:19
20001499,19130586,Validacao,Ok,2020-07-30 15:36:50
20007795,19130587,Calibracao,Ok,2020-07-30 09:25:43
20004529,19130590,Validacao,Fail,2020-07-30 16:46:49
20009220,19130588,Validacao,Ok,2020-07-30 13:01:31
20006497,19130589,Validacao,Fail,2020-07-30 18:28:21
20006530,19130589,Validacao,Fail,2020-07-30 08:34:34
20005083,19130586,Validacao,Fail,2020-07-30 04:14:01
20001037,19130590,Calibracao,Ok,2020-07-30 22:08:01
20002818,19130588,Validacao,Fail,2020-07-30 03:22:12
20002309,19130590,Calibracao,Ok,2020-07-30 02:28:32
20005289,19130589,Calibracao,Ok,2020-07-30 18:58:04
20008449,19130589,Calibracao,Ok,2020-07-30 04:46:18
20000237,19130586,Calibracao,Ok,2020-07-30 02:42:33
20007578,19130589,Calibracao,Fail,2020-07-30 13:06:57
20001657,19130586,Validacao,Fail,2020-07-30 15:34:10
20006823,19130587,Validacao,Ok,2020-07-30 13:41:32
20003617,19130589,Validacao,Ok,2020-07-30 00:56:51
20007032,19130586,Validacao,Ok,2020-07-30 12:02:54
20005417,19130588,Validacao,Ok,2020-07-30 20:44:44
20004468,19130587,Validacao,Fail,2020-07-30 07:56:21
20002787,19130588,Calibracao,Fail,2020-07-30 05:06:25
20009965,19130587,Validacao,Ok,2020-07-30 11:41:09
20000287,19130587,Validacao,Ok,2020-07-30 23:24:25
20000035,19130587,Calibracao,Fail,2020-07-30 17:26:18
20005768,19130589,Validacao,Fail,2020-07-30 01:46:24
20000714,19130590,Validacao,Fail,2020-07-30 11:01:31
20009078,19130589,Calibracao,Fail,2020-07-30 03:42:09
20000857,19130587,Validacao,Fail,2020-07-30 11:49:31
20001477,19130586,Calibracao,Ok,2020-07-30 10:43:27
20009759,19130589,Calibracao,Fail,2020-07-30 00:12:37
20004704,19130588,Validacao,Ok,2020-07-30 15:25:01
20007168,19130590,Validacao,Fail,2020-07-30 22:45:44
20009382,19130590,Calibracao,Fail,2020-07-30 04:19:38
20006924,19130587,Calibracao,Fail,2020-07-30 05:17:41
20004483,19130589,Calibracao,Fail,2020-07-30 10:08:30
20009273,19130590,Validacao,Ok,2020-07-30 07:24:22
20002530,19130590,Validacao,Ok,2020-07-30 13:17:46
20006990,19130587,Validacao,Ok,2020-07-30 16:28:16
20007395,19130586,Calibracao,Fail,2020-07-30 15:18:23
20002524,19130588,Calibracao,Fail,2020-07-30 07:36:18
20008691,19130590,Calibracao,Ok,2020-07-30 09:38:14
20001464,19130588,Calibracao,Fail,2020-07-30 09:28:49
20004158,19130590,Validacao,Ok,2020-07-30 22:38:49
20006378,19130587,Validacao,Fail,2020-07-30 12:10:00
20007439,19130590,Validacao,Fail,2020-07-30 10:38:41
20009509,19130589,Calibracao,Ok,2020-07-30 07:18:32
20001302,19130590,Calibracao,Ok,2020-07-30 03:49:09
20002443,19130586,Validacao,Fail,2020-07-30 12:34:46
20002925,19130587,Calibracao,Fail,2020-07-30 19:59:12
20009960,19130586,Validacao,Ok,2020-07-30 12:14:17
20006615,19130586,Calibracao,Ok,2020-07-30 15:24:18
20006803,19130590,Calibracao,Ok,2020-07-30 15:15:15
20006461,19130589,Validacao,Fail,2020-07-30 00:23:33
20000964,19130589,Validacao,Fail,2020-07-30 13:15:06
20000164,19130586,Calibracao,Fail,2020-07-30 06:55:00
20004051,19130589,Validacao,Ok,2020-07-30 04:44:24
20004631,19130589,Calibracao,Ok,2020-07-30 00:02:59
20006744,19130588,Calibracao,Fail,2020-07-30 15:28:16
20008427,19130587,Validacao,Fail,2020-07-30 06:04:16
20006167,19130590,Validacao,Fail,2020-07-30 10:26:13
20007612,19130590,Calibracao,Ok,2020-07-30 01:11:11
20000834,19130587,Calibracao,Fail,2020-07-30 02:59:50
20008290,19130590,Calibracao,Fail,2020-07-30 18:34:11
20009648,19130586,Calibracao,Fail,2020-07-30 17:40:28
20009858,19130589,Calibracao,Ok,2020-07-30 09:26:28
20006747,19130588,Validacao,Ok,2020-07-30 05:38:59
20006885,19130590,Validacao,Fail,2020-07-30 20:31:55
20007911,19130586,Validacao,Ok,2020-07-30 16:06:05
20008767,19130586,Validacao,Ok,2020-07-30 17:56:24
20007737,19130586,Calibracao,Ok,2020-07-30 04:44:38
20004338,19130589,Validacao,Ok,2020-07-30 04:42:19
20003475,19130589,Validacao,Ok,2020-07-30 15:00:49
20003635,19130586,Validacao,Ok,2020-07-30 19:23:39
20003246,19130586,Calibracao,Fail,2020-07-30 08:48:04
20004065,19130587,Validacao,Fail,2020-07-30 04:43:27
20006588,19130589,Validacao,Ok,2020-07-30 07:16:38
20001775,19130586,Validacao,Ok,2020-07-30 05:35:47
20004506,19130589,Validacao,Ok,2020-07-30 23:40:08
20007868,19130587,Validacao,Fail,2020-07-30 21:17:13
20003286,19130588,Calibracao,Ok,2020-07-30 06:39:59
20000231,19130586,Validacao,Ok,2020-07-30 02:19:09
20001961,19130587,Calibracao,Ok,2020-07-30 20:32:18
20006651,19130586,Calibracao,Ok,2020-07-30 04:55:51
20008832,19130586,Calibracao,Ok,2020-07-30 08:30:49
20008316,19130590,Calibracao,Ok,2020-07-30 00:10:37
20001620,19130588,Calibracao,Fail,2020-07-30 05:52:29
20002121,19130588,Validacao,Ok,2020-07-30 19:08:56
20009232,19130586,Calibracao,Ok,2020-07-30 13:36:45
20008237,19130590,Validacao,Fail,2020-07-30 12:55:06
20000592,19130590,Calibracao,Fail,2020-07-30 06:42:05
20009791,19130589,Calibracao,Fail,2020-07-30 13:28:13
20005212,19130586,Calibracao,Fail,2020-07-30 21:00:21
20005274,19130587,Validacao,Fail,2020-07-30 21:34:34
20006195,19130587,Validacao,Ok,2020-07-30 09:05:45
20006235,19130588,Calibracao,Ok,2020-07-30 18:29:14
20009149,19130586,Calibracao,Fail,2020-07-30 12:52:21
20007815,19130587,Validacao,Ok,2020-07-30 06:47:19
20005290,19130587,Calibracao,Ok,2020-07-30 21:18:57
20005838,19130590,Calibracao,Ok,2020-07-30 03:39:58
20003243,19130589,Calibracao,Ok,2020-07-30 22:40:53
20008642,19130586,Calibracao,Ok,2020-07-30 17:35:49
20002321,19130587,Calibracao,Fail,2020-07-30 21:28:00
20003594,19130590,Calibracao,Ok,2020-07-30 20:14:06
20001624,19130587,Calibracao,Fail,2020-07-30 04:31:31
20009584,19130589,Calibracao,Fail,2020-07-30 07:09:06
20004589,19130589,Calibracao,Ok,2020-07-30 02:01:50
20003385,19130586,Validacao,Fail,2020-07-30 11:12:19
20001612,19130590,Calibracao,Ok,2020-07-30 17:49:28
20003170,19130589,Calibracao,Ok,2020-07-30 21:59:51
20007411,19130590,Validacao,Ok,2020-07-30 21:41:47
20000669,19130587,Validacao,Fail,2020-07-30 06:30:04
20001119,19130590,Validacao,Fail,2020-07-30 21:39:49
20004235,19130588,Calibracao,Fail,2020-07-30 13:46:28
20006874,19130588,Validacao,Fail,2020-07-30 20:03:48
20002830,19130590,Validacao,Fail,2020-07-30 20:31:10
20003429,19130590,Calibracao,Ok,2020-07-30 21:54:39
20003088,19130588,Calibracao,Ok,2020-07-30 07:42:16
20007912,19130586,Calibracao,Ok,2020-07-30 16:28:07
20003157,19130588,Validacao,Ok,2020-07-30 16:06:01
20004744,19130590,Validacao,Ok,2020-07-30 09:38:43
20003145,19130589,Calibracao,Ok,2020-07-30 00:19:12
20008549,19130586,Calibracao,Fail,2020-07-30 12:49:31
20003281,19130588,Calibracao,Fail,2020-07-30 18:42:49
20002543,19130586,Calibracao,Fail,2020-07-30 07:54:59
20002281,19130590,Validacao,Ok,2020-07-30 20:02:45
20002899,19130586,Validacao,Fail,2020-07-30 09:23:56
20007512,19130590,Calibracao,Fail,2020-07-30 23:35:02
20005370,19130586,Calibracao,Ok,2020-07-30 23:35:39
20000435,19130586,Calibracao,Ok,2020-07-30 10:51:26
20008143,19130590,Validacao,Ok,2020-07-30 09:13:01
20002208,19130589,Validacao,Fail,2020-07-30 15:23:33
20009816,19130588,Validacao,Fail,2020-07-30 13:39:14
20003224,19130588,Validacao,Ok,2020-07-30 17:16:39
20009168,19130589,Validacao,Fail,2020-07-30 19:00:24
20004424,19130590,Calibracao,Fail,2020-07-30 12:05:45
20006082,19130588,Calibracao,Fail,2020-07-30 16:50:22
20007561,19130588,Validacao,Ok,2020-07-30 10:18:46
20004495,19130587,Calibracao,Fail,2020-07-30 01:03:49
20008815,19130588,Validacao,Fail,2020-07-30 00:47:27
20005070,19130589,Calibracao,Ok,2020-07-30 11:16:53
20005708,19130588,Validacao,Ok,2020-07-30 03:37:06
20008335,19130586,Validacao,Fail,2020-07-30 03:37:10
20000376,19130589,Calibracao,Fail,2020-07-30 08:37:33
20001442,19130588,Calibracao,Fail,2020-07-30 05:38:32
20001747,19130586,Validacao,Ok,2020-07-30 06:39:03
20002783,19130586,Calibracao,Ok,2020-07-30 17:31:48
20003708,19130590,Calibracao,Ok,2020-07-30 13:28:51
20001837,19130590,Calibracao,Ok,2020-07-30 05:04:07
20006506,19130588,Validacao,Ok,2020-07-30 19:09:44
20001896,19130589,Calibracao,Fail,2020-07-30 10:41:39
20006919,19130586,Calibracao,Ok,2020-07-30 14:23:07
20003608,19130587,Validacao,Fail,2020-07-30 17:37:12
20006455,19130586,Calibracao,Fail,2020-07-30 11:07:15
20008009,19130587,Validacao,Fail,2020-07-30 13:07:18
20009593,19130589,Calibracao,Ok,2020-07-30 03:47:38
20005374,19130590,Calibracao,Fail,2020-07-30 19:05:08
20006433,19130590,Validacao,Fail,2020-07-30 08:56:17
20005852,19130586,Validacao,Fail,2020-07-30 23:35:50
20009864,19130588,Validacao,Ok,2020-07-30 08:42:46
20003637,19130587,Calibracao,Fail,2020-07-30 14:25:38
20009160,19130590,Validacao,Fail,2020-07-30 17:04:14
20005888,19130590,Calibracao,Fail,2020-07-30 08:01:30
20002050,19130590,Calibracao,Fail,2020-07-30 18:30:55
20003301,19130589,Validacao,Ok,2020-07-30 11:45:24
20006900,19130588,Calibracao,Ok,2020-07-30 02:50:26
20006560,19130589,Validacao,Ok,2020-07-30 02:46:57
20000953,19130589,Validacao,Ok,2020-07-30 10:51:28
20009881,19130590,Calibracao,Fail,2020-07-30 17:34:06
20005937,19130589,Calibracao,Fail,2020-07-30 23:02:33
20002838,19130588,Validacao,Ok,2020-07-30 11:24:57
20004137,19130587,Validacao,Ok,2020-07-30 09:50:48
20004221,19130590,Calibracao,Fail,2020-07-30 02:55:36
20001148,19130587,Validacao,Fail,2020-07-30 06:15:37
20007283,19130587,Validacao,Ok,2020-07-30 10:21:31
20009525,19130588,Calibracao,Fail,2020-07-30 00:50:40
20001870,19130588,Validacao,Ok,2020-07-30 17:17:06
20005112,19130589,Validacao,Fail,2020-07-30 01:35:00
20004717,19130587,Calibracao,Ok,2020-07-30 21:36:11
20009287,19130586,Calibracao,Ok,2020-07-30 09:36:52
20006511,19130589,Calibracao,Ok,2020-07-30 05:25:37
20009255,19130587,Validacao,Ok,2020-07-30 11:13:31
20006612,19130587,Calibracao,Fail,2020-07-30 06:06:24
20005286,19130589,Validacao,Ok,2020-07-30 05:12:01
20000839,19130588,Calibracao,Ok,2020-07-30 02:31:29
20000380,19130588,Validacao,Ok,2020-07-30 03:30:37
20007784,19130589,Validacao,Ok,2020-07-30 08:46:57
20004017,19130586,Calibracao,Ok,2020-07-30 16:39:23
20006460,19130590,Validacao,Fail,2020-07-30 12:18:22
20001464,19130589,Validacao,Fail,2020-07-30 07:17:58
20008615,19130589,Validacao,Ok,2020-07-30 05:49:33
20006861,19130587,Validacao,Fail,2020-07-30 13:38:56
20002755,19130589,Calibracao,Ok,2020-07-30 23:41:18
20000589,19130588,Validacao,Ok,2020-07-30 22:50:50
20004004,19130587,Validacao,Fail,2020-07-30 07:32:58
20001688,19130586,Calibracao,Fail,2020-07-30 10:22:01
20005476,19130586,Calibracao,Ok,2020-07-30 15:00:52
20001411,19130589,Validacao,Ok,2020-07-30 23:16:16
20004631,19130586,Validacao,Fail,2020-07-30 11:01:41
20007886,19130586,Validacao,Fail,2020-07-30 19:49:38
20006854,19130588,Validacao,Fail,2020-07-30 22:31:49
20003941,19130590,Validacao,Ok,2020-07-30 15:52:43
20008914,19130589,Validacao,Fail,2020-07-30 00:55:04
20007332,19130590,Validacao,Fail,2020-07-30 05:12:10
20001495,19130590,Calibracao,Fail,2020-07-30 06:24:23
20009431,19130590,Validacao,Ok,2020-07-30 20:19:06
20007700,19130589,Calibracao,Fail,2020-07-30 19:59:32
20007975,19130590,Validacao,Ok,2020-07-30 06:41:39
20002616,19130586,Calibracao,Fail,2020-07-30 01:54:12
20000882,19130588,Calibracao,Fail,2020-07-30 09:12:43
20007518,19130586,Validacao,Ok,2020-07-30 15:02:24
20005174,19130587,Validacao,Fail,2020-07-30 18:39:59
20008737,19130588,Validacao,Ok,2020-07-30 02:12:43
20005583,19130586,Validacao,Fail,2020-07-30 23:52:13
20008623,19130590,Calibracao,Fail,2020-07-30 03:46:23
20008415,19130589,Calibracao,Fail,2020-07-30 14:31:20
20000687,19130586,Validacao,Fail,2020-07-30 21:32:36
20008204,19130589,Validacao,Fail,2020-07-30 23:10:28
20006848,19130587,Validacao,Fail,2020-07-30 18:29:52
20002410,19130588,Calibracao,Fail,2020-07-30 21:20:12
20006477,19130588,Calibracao,Ok,2020-07-30 20:08:43
20004746,19130587,Calibracao,Fail,2020-07-30 16:20:52
20008480,19130587,Calibracao,Fail,2020-07-30 12:52:02
20009721,19130590,Validacao,Ok,2020-07-30 21:19:43
20002633,19130586,Validacao,Fail,2020-07-30 09:36:08
20002053,19130587,Validacao,Fail,2020-07-30 10:32:44
20009369,19130587,Validacao,Ok,2020-07-30 18:28:52
20007331,19130589,Validacao,Fail,2020-07-30 04:20:30
20006341,19130586,Validacao,Ok,2020-07-30 06:48:36
20002221,19130590,Calibracao,Ok,2020-07-30 09:27:02
20003776,19130590,Calibracao,Fail,2020-07-30 06:00:28
20009483,19130589,Validacao,Ok,2020-07-30 19:12:33
20002537,19130590,Calibracao,Ok,2020-07-30 18:40:58
20008916,19130589,Validacao,Fail,2020-07-30 20:49:23
20004604,19130588,Validacao,Fail,2020-07-30 14:54:10
20007372,19130588,Calibracao,Ok,2020-07-30 01:31:17
20003185,19130589,Validacao,Ok,2020-07-30 16:59:40
20009701,19130586,Validacao,Fail,2020-07-30 02:31:47
20007454,19130587,Calibracao,Fail,2020-07-30 21:35:50
20005878,19130590,Calibracao,Ok,2020-07-30 12:41:10
20000301,19130590,Validacao,Ok,2020-07-30 07:49:17
20001295,19130589,Calibracao,Ok,2020-07-30 14:42:34
20004789,19130589,Validacao,Fail,2020-07-30 15:05:58
20003585,19130586,Calibracao,Ok,2020-07-30 15:10:22
20003533,19130590,Calibracao,Ok,2020-07-30 22:45:16
20009945,19130587,Calibracao,Ok,2020-07-30 02:29:19
20007323,19130590,Calibracao,Ok,2020-07-30 11:26:33
20007821,19130586,Validacao,Fail,2020-07-30 20:11:02
20000897,19130589,Validacao,Fail,2020-07-30 18:29:19
20006695,19130590,Calibracao,Fail,2020-07-30 18:52:14
20004468,19130587,Calibracao,Ok,2020-07-30 21:43:01
20003215,19130586,Validacao,Ok,2020-07-30 08:01:27
20006651,19130590,Validacao,Ok,2020-07-30 02:15:46
20009668,19130587,Validacao,Ok,2020-07-30 06:44:23
20004089,19130586,Calibracao,Ok,2020-07-30 05:47:54
20004202,19130587,Validacao,Ok,2020-07-30 06:07:37
20003704,19130589,Calibracao,Fail,2020-07-30 11:22:12
20004207,19130589,Calibracao,Ok,2020-07-30 02:04:58
20000777,19130588,Validacao,Fail,2020-07-30 09:58:41
20005365,19130590,Calibracao,Fail,2020-07-30 23:57:18
20006870,19130587,Validacao,Fail,2020-07-30 06:06:51
20000247,19130587,Calibracao,Ok,2020-07-30 11:28:04
20004250,19130590,Validacao,Ok,2020-07-30 04:51:07
20001847,19130589,Validacao,Fail,2020-07-30 08:42:37
20003665,19130590,Calibracao,Ok,2020-07-30 18:53:43
20007128,19130586,Calibracao,Fail,2020-07-30 09:28:45
20007608,19130587,Validacao,Fail,2020-07-30 09:24:48
20001039,19130587,Calibracao,Fail,2020-07-30 07:53:10
20009231,19130587,Calibracao,Ok,2020-07-30 07:51:55
20003181,19130587,Validacao,Ok,2020-07-30 10:33:23
20009575,19130587,Validacao,Ok,2020-07-30 16:32:40
20008535,19130589,Validacao,Ok,2020-07-30 19:36:46
20007744,19130590,Validacao,Ok,2020-07-30 14:28:35
20004224,19130589,Calibracao,Fail,2020-07-30 01:34:26
20006245,19130586,Validacao,Fail,2020-07-30 15:14:26
20000769,19130589,Calibracao,Ok,2020-07-30 14:17:35
20001473,19130587,Validacao,Fail,2020-07-30 03:55:23
20006835,19130587,Calibracao,Fail,2020-07-30 02:27:03
20004986,19130588,Validacao,Ok,2020-07-30 03:54:24
20006817,19130587,Calibracao,Fail,2020-07-30 08:49:33
